Suomi,{'x': 0, 'y': 0}
Finkyllma,{'x': 308984830446567404, 'y': 108338383750762068}
Itänniemi,{'x': 330277304658483907, 'y': 236658213338736839}
Aulaja,{'x': 430471027006421053, 'y': 113714518690524451}
Kiemedja,{'x': 97247264702169830, 'y': 124744367399444722}
Mauteräs,{'x': 200155499002502846, 'y': 103272212421729184}
Ylikaliri,{'x': 270391809346511172, 'y': 382876641281665554}
Ketä,{'x': 291905185316409355, 'y': 167770969593624679}
Alivuori,{'x': 395602897582258169, 'y': 286893471787113696}
Antaarluono,{'x': 12589744307291154, 'y': 304292042537377878}
Sola,{'x': 40914577262071726, 'y': 477571727963166974}
Hiiais,{'x': 104465009844615847, 'y': 124992595122500378}
Kakemi,{'x': 477471369258761167, 'y': 489296548598025411}
Masvatvi,{'x': 223832845219778864, 'y': 58047561851468704}
Vehja,{'x': 325042205710635106, 'y': 150126721520348218}
Kuhmoby,{'x': 322746764991408621, 'y': 103886734288065390}
Monmäkilä,{'x': 41814744165496284, 'y': 135255585116788961}
Käis,{'x': 275192429247646938, 'y': 286364618420898622}
Vähdesby,{'x': 22299433398769081, 'y': 307890863487858784}
Sord,{'x': 164455384299479994, 'y': 465205340143488521}
Holanhamäki,{'x': 37373529816422284, 'y': 467603950736861765}
Jaakog,{'x': 278031075973141878, 'y': 209912632058792497}
Noti,{'x': 2407058817829321, 'y': 83476724987430457}
Östiitterg,{'x': 292847853369884925, 'y': 384709719297086637}
Brymi,{'x': 461945899888054191, 'y': 496055285639448130}
Gundskea,{'x': 42848523904745344, 'y': 352107056268306986}
Naastia,{'x': 92270955682758927, 'y': 38422426223088509}
Kouri,{'x': 248254133762257742, 'y': 389994339072643912}
Pale,{'x': 62442531443082007, 'y': 182074149226053038}
Herla,{'x': 66735621254506630, 'y': 139308896215149403}
Haivo,{'x': 391550852140941751, 'y': 94696488982729890}
Saajula,{'x': 200168649485661149, 'y': 131928514517111342}
Toks,{'x': 428666251890566032, 'y': 354318772518306697}
Hammi,{'x': 454697127033267801, 'y': 484473371670945503}
Kanla,{'x': 43890648629806643, 'y': 76954362234687490}
Hofjäräs,{'x': 203321990724967333, 'y': 69394260384902919}
Magma,{'x': 422424178184187504, 'y': 463896698016980969}
Rautaks,{'x': 252060658007280752, 'y': 81853417094000356}
Sava,{'x': 381860643869067765, 'y': 2841663209175035}
Vila,{'x': 239416280423627327, 'y': 151413779828665729}
Askogmo,{'x': 225567461106579635, 'y': 176299526325309435}
Hiepohjisla,{'x': 171409656737027101, 'y': 313239865617052244}
Kälahti,{'x': 182453989764571409, 'y': 230900686880995027}
Vipala,{'x': 356956611497958512, 'y': 483394741091403220}
Lapila,{'x': 107178999822646445, 'y': 273506167888615665}
Piiala,{'x': 17952486761655740, 'y': 290092014280635668}
Karikoski,{'x': 103957853221215485, 'y': 483357493225615034}
Raipi,{'x': 446123708229982759, 'y': 40537731334560666}
Mulhäldsula,{'x': 250532856788074408, 'y': 1217158166725453}
Kälanva,{'x': 412565269854444339, 'y': 154690599600917746}
Lialsala,{'x': 267980636296768923, 'y': 289526568612104076}
Finäs,{'x': 407805356455333756, 'y': 13753360193768527}
Iman,{'x': 121545531563224881, 'y': 354800836928247971}
Pata,{'x': 104436633854610504, 'y': 444029062360351242}
Kura,{'x': 260485858881893275, 'y': 239561679677540061}
Tamovikylto,{'x': 316072946375538099, 'y': 370043552949407735}
Maksva,{'x': 445959802491637392, 'y': 115166417031788410}
Yttula,{'x': 66165655404351109, 'y': 481790498435755793}
Sukka,{'x': 322405183891493234, 'y': 336735644333241822}
Jurtila,{'x': 499396349094034004, 'y': 316018999444420630}
Käykkala,{'x': 475840197915472380, 'y': 66042852130737317}
Ivaari,{'x': 315398470529294199, 'y': 358825830131389912}
Bjär,{'x': 224880079646215189, 'y': 191427237578659249}
Mauto,{'x': 115395965184273339, 'y': 152433579571686103}
Takkarila,{'x': 89582708116616696, 'y': 346798807774780617}
Kankola,{'x': 311313792878861780, 'y': 255412114882669053}
Vari,{'x': 106049792879296681, 'y': 464254990065634554}
Keskala,{'x': 356761680529910874, 'y': 360883263609917779}
Hujen,{'x': 84271794762488959, 'y': 379282854011464010}
Dokola,{'x': 109178029531209280, 'y': 146751020198488414}
Mati,{'x': 218620266649455517, 'y': 73213333365496597}
Karts,{'x': 140585578664766215, 'y': 442391256163170838}
Kärvi,{'x': 223267149747304700, 'y': 349322809048287833}
Oranjola,{'x': 206997285259372630, 'y': 256778438163500631}
Faltti,{'x': 409092671987388618, 'y': 94822334103582282}
Ylia,{'x': 182030796256105957, 'y': 250005147698809094}
Väisela,{'x': 773700557698543, 'y': 252403102834790188}
Krola,{'x': 211227336234473257, 'y': 255844960226749678}
Enosaakkula,{'x': 401380754841904312, 'y': 479425611394696863}
Onka,{'x': 291875704568242295, 'y': 428462791242008874}
Ojanla,{'x': 368164589408239862, 'y': 113715041714359873}
Skra,{'x': 257303455146008020, 'y': 117918577860009503}
Vahtivi,{'x': 185781602093981219, 'y': 147562869288198039}
Kiurhola,{'x': 5073443647697974, 'y': 441022866935136495}
Töyttö,{'x': 447010386630095556, 'y': 53732521686542057}
Vestorpiola,{'x': 43082978185197725, 'y': 461724749977027921}
Hämehannäs,{'x': 369103920144197924, 'y': 309936004245204653}
Hirandnäsby,{'x': 122064631587921925, 'y': 312361412969888731}
Pekkall,{'x': 429342516868269602, 'y': 49228066670530521}
Sami,{'x': 419558407730196248, 'y': 187888660574990891}
Pelmi,{'x': 136895607405583696, 'y': 414321385936884156}
Suolveräs,{'x': 328033253182676436, 'y': 181986108043506095}
Hausala,{'x': 444437419380008562, 'y': 231122170241967440}
Horrinmarvi,{'x': 153556074658978773, 'y': 281808930159848087}
Pyhkosti,{'x': 275182146774803955, 'y': 164668560119171820}
Pronhila,{'x': 215753334217871070, 'y': 144204991206440965}
Vala,{'x': 439150744917131549, 'y': 433135890100564001}
Sveskylä,{'x': 421495623683032796, 'y': 373512333839709449}
Bemo,{'x': 115412516306794202, 'y': 205300565224943194}
Moilola,{'x': 439810748222260768, 'y': 390476442407719876}
Kerilä,{'x': 40816226533604199, 'y': 330879755123916152}
Saarg,{'x': 181726382701068058, 'y': 214979959056070381}
Vesbölä,{'x': 424213909355610711, 'y': 302299557924376327}
Keikkurkka,{'x': 412042495021660450, 'y': 10064598339924145}
Karhois,{'x': 488959471318545517, 'y': 101569670350174655}
Saarimi,{'x': 224234956124219856, 'y': 213277211725122244}
Kaisuurla,{'x': 157056343089901702, 'y': 397516729713859153}
Engellho,{'x': 29154937695639558, 'y': 232313673010931473}
Riito,{'x': 69863790080789108, 'y': 222846251611890534}
Källa,{'x': 47067771951970315, 'y': 372391570554710182}
Dahtala,{'x': 347189824014884123, 'y': 391533372685744901}
Särlä,{'x': 143575079227318152, 'y': 185882985425668768}
Urja,{'x': 229069620505009506, 'y': 378575641994809564}
Rais,{'x': 38030359280634510, 'y': 121741573385840315}
Lino,{'x': 479152020054474384, 'y': 171995288224992489}
Yrjungaris,{'x': 50403826060806473, 'y': 264418420250000523}
Onki,{'x': 448041232035566092, 'y': 344288558844867138}
Paansund,{'x': 169982901107738405, 'y': 403710198473029130}
Rikalahi,{'x': 64647865448865732, 'y': 352420103611774977}
Heinkua,{'x': 358948230490121551, 'y': 486905844385024200}
Puhamo,{'x': 300043296624926553, 'y': 430287798856995021}
Haulansa,{'x': 175920120060509331, 'y': 497648646083492369}
Mouka,{'x': 270601559008042029, 'y': 480913282629343829}
Salto,{'x': 171188561703782750, 'y': 48143163193203777}
Onnö,{'x': 397034739136272524, 'y': 436445340829211336}
Kanö,{'x': 108307982633764502, 'y': 393607315464202222}
Deglas,{'x': 371681867091519351, 'y': 258859827405714868}
Ruommi,{'x': 351293579721671851, 'y': 9630284190856306}
Mala,{'x': 373265818196955951, 'y': 192180876805029489}
Kuri,{'x': 282432910993617758, 'y': 15718811616348182}
Simelniempi,{'x': 434410521148796042, 'y': 140162615518297052}
Reijärvu,{'x': 246307935599191202, 'y': 220925720673381738}
Sumperi,{'x': 116452366033645184, 'y': 11360084649804580}
Pais,{'x': 82903126445317422, 'y': 211034378349066014}
Jung,{'x': 326955907601997040, 'y': 256890706966044484}
Räfback,{'x': 283473040786128128, 'y': 225234037299487782}
Bensa,{'x': 145521548467444533, 'y': 469127131029166896}
Hivotersula,{'x': 412471175974518116, 'y': 470928034984327968}
Koija,{'x': 16059755813399992, 'y': 375207313371880737}
Oula,{'x': 228161125783616599, 'y': 368567548218702605}
Juttarahdeå,{'x': 260792769573353028, 'y': 300722825259108756}
Eila,{'x': 150878118535806503, 'y': 439926848297544696}
Köpöle,{'x': 220978224413660957, 'y': 24890379528799066}
Hergäniemi,{'x': 467125172118208970, 'y': 19028622556893414}
Pesi,{'x': 332850038101705030, 'y': 372916155589166986}
Piirvilä,{'x': 239752510802859038, 'y': 361888701716500314}
Koki,{'x': 166505137732914007, 'y': 80650148769262769}
Putaf,{'x': 453865329515776620, 'y': 4802604039684687}
Junila,{'x': 310641778041059048, 'y': 34430684380535874}
Vestula,{'x': 285838309773239353, 'y': 353059681597120905}
Talmolahti,{'x': 170164299171689976, 'y': 214769201060915757}
Jyri,{'x': 436352242399739409, 'y': 326204009694074858}
Hakkolmia,{'x': 167822062779807577, 'y': 115432537417611128}
Särvi,{'x': 413592440275793756, 'y': 279850705220501561}
Tarinäs,{'x': 302147251100379001, 'y': 248324045885328334}
Porpiala,{'x': 140960183500257747, 'y': 13577616268579471}
Turaggbo,{'x': 158500844697313123, 'y': 228142940451798195}
Kurikosnäs,{'x': 30245554293378436, 'y': 163107899151919394}
Ohensaa,{'x': 107958858837583045, 'y': 439667003597874131}
Äkrenpääki,{'x': 471393899380433449, 'y': 429286307172732912}
Kalvi,{'x': 169181863911619566, 'y': 113483752806771714}
Hirjärvilä,{'x': 22969228335496185, 'y': 491705001406074457}
Lilväälä,{'x': 424015621129335423, 'y': 19906542150654512}
Kala,{'x': 405996175990498771, 'y': 65317865837222301}
Kula,{'x': 288495154741741092, 'y': 448551751380112832}
Männilä,{'x': 10557909456620650, 'y': 69323152747427858}
Qvikkanmä,{'x': 77023908934682551, 'y': 316518140198725089}
Sond,{'x': 236929400707095121, 'y': 158589517386295878}
Pakkila,{'x': 337823518366505118, 'y': 37543508759683367}
Lökurois,{'x': 216068300489374020, 'y': 16141890172555258}
Tyntajo,{'x': 389620827749414681, 'y': 47492880954017211}
Koijä,{'x': 157772828885029847, 'y': 153849044715719634}
Pula,{'x': 469153575923630000, 'y': 151431956922519944}
Luord,{'x': 116033039641017392, 'y': 106844855664266048}
Suorsikala,{'x': 216580651869332482, 'y': 41651163139520267}
Sauholmi,{'x': 295566444877701670, 'y': 23953144242023974}
Pala,{'x': 398323456891675507, 'y': 459939432485804221}
Sliö,{'x': 6248950334588997, 'y': 245280908817593227}
Hyri,{'x': 125700237966633337, 'y': 393869761547112537}
Ylila,{'x': 340408532053903796, 'y': 491538463652157441}
Arma,{'x': 213394815187478306, 'y': 404316673771699468}
Alikka,{'x': 279673079454561416, 'y': 201440288972262185}
Arrlaksnäs,{'x': 331814704430241036, 'y': 81614489919414923}
Vipela,{'x': 65816185547764198, 'y': 436211876765799688}
Sumpurti,{'x': 189721399155434147, 'y': 224511057542849292}
Rahl,{'x': 212637539173202975, 'y': 267200391972018724}
Kudastad,{'x': 84504461606938596, 'y': 254938026747908124}
Roukkiflas,{'x': 149032714188789622, 'y': 175736886033864994}
Kattilarby,{'x': 347515400884879608, 'y': 434169416467752423}
Värvaasala,{'x': 159807759422898813, 'y': 1950719321490915}
Laippi,{'x': 493231068389467572, 'y': 164746558181679961}
Pilto,{'x': 235889286406229212, 'y': 31427588388609006}
Juhiala,{'x': 130620725332018303, 'y': 132989060561400300}
Nuutili,{'x': 16060390255195045, 'y': 43048806958428403}
Hiri,{'x': 53764973269749166, 'y': 118444732838113502}
Verukkylä,{'x': 290767278757224600, 'y': 291564659813924285}
Koik,{'x': 477018951939271952, 'y': 114131062460398286}
Ruotajärva,{'x': 33145804498988936, 'y': 406140477597655718}
Rauski,{'x': 256849700218787718, 'y': 299035730303525956}
Pelby,{'x': 256305146477771800, 'y': 5086169745942679}
Pihuuriivik,{'x': 316768819539709938, 'y': 10799607627611865}
Teen,{'x': 350020652873322130, 'y': 248234666020579012}
Kerterla,{'x': 8868211246563088, 'y': 276583373687037502}
Gösö,{'x': 78943221487927856, 'y': 188242174098621564}
Maapolo,{'x': 455144917638195236, 'y': 133260328484725974}
Viemi,{'x': 495227540195577874, 'y': 269078954447661331}
Hoförö,{'x': 147363430637264175, 'y': 319340847801129387}
Tari,{'x': 439908893770046949, 'y': 297904689234931939}
Niemby,{'x': 29515078343619276, 'y': 102992703533118685}
Pari,{'x': 278998506100332222, 'y': 419631580822785764}
Savaki,{'x': 406803250898493823, 'y': 18638752831465516}
Ölby,{'x': 259760015471673776, 'y': 372007385312187949}
Tarjulkälä,{'x': 288690625772099683, 'y': 420076884642690399}
Suutio,{'x': 249169185688146477, 'y': 38044925290617971}
Muskola,{'x': 118238831738931228, 'y': 435136224090601234}
Kiihävä,{'x': 121738875671985089, 'y': 403467810641576853}
Rytö,{'x': 278313210274805794, 'y': 60198036268260109}
Hamäki,{'x': 386960795839924839, 'y': 478128696401382625}
Isoalto,{'x': 224262646899907954, 'y': 233224526117606394}
Tuurla,{'x': 67030148256393691, 'y': 359300797577552013}
Kankalvi,{'x': 455155006784596541, 'y': 442479804727112445}
Haalby,{'x': 421305155459088311, 'y': 416207146015314394}
Lukkolan,{'x': 336152349451600394, 'y': 130265947235985330}
Barla,{'x': 433011372198861584, 'y': 413765464964756907}
Kolammi,{'x': 401298396791534950, 'y': 136799941474804563}
Snama,{'x': 358352697187693515, 'y': 110479308455747567}
Isperg,{'x': 29070581237412252, 'y': 394406015162935174}
Koholaharis,{'x': 279506270584565097, 'y': 398519697795062495}
Akoskäjärvi,{'x': 484261409098664683, 'y': 191527813230594520}
Kostehti,{'x': 421794395233904732, 'y': 202974129904157368}
Prulund,{'x': 484798829053032554, 'y': 68216359853401444}
Neppää,{'x': 233535978197842477, 'y': 89729785651175120}
Ojokrälä,{'x': 145057843972466191, 'y': 264828456906618524}
Ruurpilä,{'x': 198792706300037340, 'y': 15588581938116439}
Isoata,{'x': 46729110539034559, 'y': 476248586265865435}
Hemi,{'x': 266515312488244216, 'y': 470778125912977266}
Ruorgså,{'x': 34994908265067798, 'y': 319813182133798323}
Aspella,{'x': 412988686661125063, 'y': 353587056600715844}
Saundhård,{'x': 11254754312721662, 'y': 414113709356291809}
Faglo,{'x': 104561527946663246, 'y': 139856065462108834}
Ytti,{'x': 248060941164394658, 'y': 34431969596453589}
Kuur,{'x': 175270389069857630, 'y': 281364692845399640}
Tofjerla,{'x': 424940774974947822, 'y': 473934868981210981}
Fren,{'x': 224373937457893461, 'y': 155224580490112266}
Gusmäkytad,{'x': 262976162492289493, 'y': 108841649921495338}
Stötilä,{'x': 97426187815216056, 'y': 45303638951362380}
Akala,{'x': 108827533847789257, 'y': 331738873469409222}
Slonkä,{'x': 311974351981208911, 'y': 162638832842772647}
Randby,{'x': 197707318421270166, 'y': 279819028392869175}
Totola,{'x': 498806138078499533, 'y': 385736355271997739}
Anta,{'x': 129732298246295750, 'y': 52098229616684890}
Hola,{'x': 93316361144580064, 'y': 439896231709314894}
Vånaik,{'x': 160585852772246541, 'y': 148058913817847801}
Kesti,{'x': 348385260718662287, 'y': 417621923281436999}
Kovaala,{'x': 242537045429954126, 'y': 343697657189649609}
Kelila,{'x': 11093348161599010, 'y': 25659642615427488}
Purinsa,{'x': 424708924804960821, 'y': 82663953914868007}
Lylä,{'x': 50884935942064312, 'y': 275814543290604985}
Kuotori,{'x': 153595370684982959, 'y': 196872825773554145}
Puis,{'x': 423011288529857478, 'y': 432997559187905201}
Pajan,{'x': 431832077609664671, 'y': 156891155424315967}
Paippää,{'x': 230886673294694919, 'y': 324104776065106195}
Timenmaaka,{'x': 93552964740516016, 'y': 224752667515369809}
Ravalahtilä,{'x': 323073572171770983, 'y': 451882802010595092}
Sorvi,{'x': 381991325312257204, 'y': 149902325487947911}
Satsabbonen,{'x': 102740144994660384, 'y': 185340084383336913}
Komaari,{'x': 104151068563640084, 'y': 17915558986019820}
Hyöle,{'x': 80690638720578537, 'y': 199152667438743091}
Elilala,{'x': 170041969346607704, 'y': 157560670485792626}
Basmäki,{'x': 298081681685447025, 'y': 364919428258622320}
Haukylä,{'x': 62541747209023106, 'y': 400076998086904032}
Säki,{'x': 128335173551398044, 'y': 392229441805525110}
Sirvälä,{'x': 185476574600014636, 'y': 411273582312683277}
Nureppi,{'x': 220407196271169597, 'y': 241314156675280482}
Sorpphor,{'x': 363808694418123247, 'y': 450571922172393069}
Hiimäkilä,{'x': 200380239118423661, 'y': 352387552788105963}
Heikki,{'x': 310805984364600818, 'y': 232843189014292237}
Höykylä,{'x': 217372760875711524, 'y': 495916899623391419}
Vehmola,{'x': 357382492375200207, 'y': 125722507515383772}
Katilä,{'x': 471125949286165067, 'y': 402852397115087462}
Öfvela,{'x': 68883716565425891, 'y': 230079202508166483}
Maar,{'x': 286987898295674603, 'y': 104073366033892346}
Ronsi,{'x': 493900220746076972, 'y': 313360054075915987}
Lauttnäs,{'x': 57368739533396761, 'y': 168852864363585938}
Mänmä,{'x': 343456736714867192, 'y': 89128359866915490}
Kymis,{'x': 37323233329920372, 'y': 325891725334830010}
Äetorola,{'x': 392497166695279989, 'y': 4348415164887603}
Lavesi,{'x': 209749000310776711, 'y': 125536825461282249}
Elipattiä,{'x': 9649261109155372, 'y': 466130551504896616}
Bendavi,{'x': 358536769761650110, 'y': 441076541812326972}
Hireckonena,{'x': 400735915762086844, 'y': 237771685349602870}
Kivoinala,{'x': 94797700025723349, 'y': 6623277041332146}
Ritku,{'x': 470868477419073965, 'y': 302886450467408791}
Tunhola,{'x': 432524020875216530, 'y': 431281750792571633}
Tiihanta,{'x': 496569709063955966, 'y': 470572512703718501}
Vuoki,{'x': 371850931887844521, 'y': 209596677307985721}
Saksä,{'x': 272516856769142241, 'y': 49484456755412425}
Yttis,{'x': 444097014683132802, 'y': 247006036795610383}
Maaks,{'x': 71192749548248447, 'y': 69909401771602305}
Lata,{'x': 203850041764162235, 'y': 462068991176426497}
Rödhaist,{'x': 160277719707130045, 'y': 488923027320371956}
Kuinen,{'x': 6346174714331232, 'y': 48657256784608163}
Stjamalmu,{'x': 233358973400375664, 'y': 233565230806750837}
Kauri,{'x': 381582883746170324, 'y': 15819012766769117}
Sima,{'x': 179048112505486835, 'y': 397932258499454716}
Keri,{'x': 64614845566982777, 'y': 241776035525710620}
Koustoks,{'x': 318874334436429921, 'y': 230070579145739302}
Aijärä,{'x': 381967909360147108, 'y': 172688046628849378}
Buski,{'x': 132056352620583835, 'y': 176637350927197719}
Väänen,{'x': 232754269809034626, 'y': 182498579327228288}
Kaitelkä,{'x': 170954435634278354, 'y': 356713032434726977}
Thoki,{'x': 180145471457500433, 'y': 17258530848967369}
Ylis,{'x': 256644751081889115, 'y': 50214911499221667}
Finiemi,{'x': 440855616353821011, 'y': 222455297539855856}
Pihale,{'x': 259738644822229241, 'y': 272314082775999235}
Hiinoja,{'x': 414808916525824940, 'y': 110654593018928993}
Miia,{'x': 112605624404985772, 'y': 486117166428203548}
Kurik,{'x': 317054356814525954, 'y': 65036434947062668}
Vestö,{'x': 94847969165607374, 'y': 190478456788908688}
Gamarimi,{'x': 318054249868503125, 'y': 267239696396091263}
Jylä,{'x': 186850908768257588, 'y': 434857343517933359}
Pappimaa,{'x': 200778590661172965, 'y': 298736987048387549}
Sala,{'x': 304419782415109824, 'y': 476562373941819897}
Meski,{'x': 419456412845047346, 'y': 150438575926416450}
Makkilla,{'x': 429835865563562111, 'y': 316296780362296613}
Herlböle,{'x': 441308060195009128, 'y': 33968771625812700}
Vale,{'x': 356492418222963936, 'y': 343062842680059664}
Lila,{'x': 237598016818559586, 'y': 177981848667739187}
Pilarbölä,{'x': 165102645762966146, 'y': 87911795657516864}
Sonen,{'x': 461402140252777443, 'y': 267376696786620744}
Qvaari,{'x': 406378651314996044, 'y': 95608624605817397}
Väyrö,{'x': 484709103325295717, 'y': 393302677106728347}
Aeru,{'x': 408347817289834760, 'y': 207370760067883018}
Noorräsmäki,{'x': 147242233736385802, 'y': 159593800997763893}
Uimo,{'x': 318857420524565909, 'y': 261281741704266934}
Undby,{'x': 108471528695576598, 'y': 456619708834782590}
Pirräsla,{'x': 409852988230946513, 'y': 75859965730965757}
Simaariti,{'x': 1080942596637557, 'y': 142508355409480465}
Häsivasaa,{'x': 180396382176713814, 'y': 425804147133292650}
Bajas,{'x': 492601522934247817, 'y': 457504045256215638}
Vahtilä,{'x': 70079974130075230, 'y': 43778779302413030}
Harikkula,{'x': 56755661318077958, 'y': 351667405536055965}
Hevijo,{'x': 249850461264740638, 'y': 242773400780467106}
Vaarima,{'x': 212759615618526768, 'y': 316576807773375388}
Hersö,{'x': 32253902626224567, 'y': 478695557049304840}
Kistorppola,{'x': 348577327499225502, 'y': 411492817212494548}
Nihan,{'x': 253210255543456731, 'y': 153737700728973262}
Ryhkorilä,{'x': 226282483470009320, 'y': 84492581686457266}
Puri,{'x': 186685995356340560, 'y': 166839825074241285}
Ihalaurik,{'x': 476504098505045605, 'y': 218620937471445536}
Kaviala,{'x': 482581769689489043, 'y': 404941950287798854}
Karimolin,{'x': 289398788226238265, 'y': 19841918428638041}
Korjärmari,{'x': 95948191055966667, 'y': 103769530261825334}
Siid,{'x': 411818196798679444, 'y': 484777641640679767}
Ihola,{'x': 19159789395410450, 'y': 202689418594842944}
Mahtila,{'x': 95810615068720176, 'y': 143929828526595031}
Siittala,{'x': 80409413973506450, 'y': 324237584076731676}
Terniemaara,{'x': 366556049113764238, 'y': 43251570768807481}
Piidilä,{'x': 172664942594975793, 'y': 359120153095309374}
Kätti,{'x': 254395037196776017, 'y': 42343713913856834}
Soniemi,{'x': 234688305469099015, 'y': 55933817830135093}
Krosaa,{'x': 172170575651562122, 'y': 19036230733536239}
Lahtiluoti,{'x': 95253237818202010, 'y': 1606493985241783}
Vallsböle,{'x': 241406510571445123, 'y': 210295221745955506}
Tyrsa,{'x': 370644828303497390, 'y': 441442000956036696}
Pönnallö,{'x': 149395964143326701, 'y': 250105643829143895}
Laukarvi,{'x': 107029185258207102, 'y': 350416636566729990}
Leittikka,{'x': 374259590708842695, 'y': 304109383677106217}
Kajärvi,{'x': 351785516309412272, 'y': 122384504974342455}
Kuoki,{'x': 381077295163245080, 'y': 393054898481914080}
Vuoti,{'x': 174598651780566344, 'y': 222382154201788359}
Liihluniemo,{'x': 466866418190777344, 'y': 303862867204979517}
Konikkallkä,{'x': 436718902062570820, 'y': 317357595847401292}
Heinen,{'x': 12966517261859029, 'y': 292441367659019930}
Marf,{'x': 29506526949233593, 'y': 98804522204574307}
Kori,{'x': 332328179811281960, 'y': 122387238293916149}
Ulfverä,{'x': 278647574503048008, 'y': 59653309167899109}
Toola,{'x': 28527119487167244, 'y': 38468184245970290}
Tuorpiala,{'x': 296276368096571728, 'y': 303319851795654557}
Busuutussy,{'x': 168178254805748974, 'y': 386903846900581313}
Öfredola,{'x': 177575433975073080, 'y': 107823885086780549}
Saurs,{'x': 231849106711176733, 'y': 108404365608243829}
Snien,{'x': 373509423203020037, 'y': 435373265837514099}
Mäkölänjoki,{'x': 138731178562075534, 'y': 263791264483843845}
Simu,{'x': 1339784031754925, 'y': 109631911649887894}
Mulahitaara,{'x': 462446269523135095, 'y': 175698076166339762}
Unnano,{'x': 216188634665502351, 'y': 20428850424072331}
Virpis,{'x': 11959436533994900, 'y': 361493064845428149}
Viura,{'x': 154329032428596032, 'y': 436551796635429757}
Backemi,{'x': 360953893522783289, 'y': 175291644188340630}
Vahvensalmi,{'x': 75632901141989531, 'y': 186384478252570739}
Andervi,{'x': 384944315871657249, 'y': 60555155826616994}
Suovi,{'x': 358748720580269304, 'y': 425515365642738112}
Tomi,{'x': 377145887738021262, 'y': 206313606554629303}
Vesnärila,{'x': 401101642611000933, 'y': 369632542004527873}
Hangasjälä,{'x': 186146048103761798, 'y': 71990700715414389}
Viukonla,{'x': 244294295994832244, 'y': 350818941862239413}
Kopiali,{'x': 203276825001289616, 'y': 479383880596994548}
Valahari,{'x': 184982575017619416, 'y': 164808196257825765}
Maljoki,{'x': 147725711855567218, 'y': 334467364164420283}
Aarauttu,{'x': 194794932053610844, 'y': 5296816005819764}
Kanki,{'x': 276353090584633606, 'y': 465851251696177567}
Mylä,{'x': 277120346384837567, 'y': 381200303062843506}
Tunusö,{'x': 142910950642098864, 'y': 495812916657240751}
Aerg,{'x': 32818277021902575, 'y': 250024526993625144}
Viimati,{'x': 207006629072330693, 'y': 341452910273242709}
Ytöms,{'x': 166481767592669195, 'y': 47982966699165407}
Aataniemi,{'x': 99701375742893691, 'y': 58413241741674783}
Hyrämaara,{'x': 449375980176153359, 'y': 279628882006744901}
Magerkkalby,{'x': 336274579439761538, 'y': 67224510359668210}
Svajärla,{'x': 354055891196279234, 'y': 238463011409630162}
Kärdö,{'x': 24522095057827133, 'y': 180613682772757810}
Perasti,{'x': 49362877987971460, 'y': 169388859557551}
Ådbodoinen,{'x': 389876687867755599, 'y': 380107936337825631}
Vicks,{'x': 339504961652511807, 'y': 138353097214345597}
Teuvaskä,{'x': 279685749597136416, 'y': 53146141766510398}
Hutvu,{'x': 236683666662458599, 'y': 179773471072032665}
Östajärvi,{'x': 363459672494367434, 'y': 242265496276436526}
Keis,{'x': 257317948985044280, 'y': 341801328006108246}
Huomälänmaa,{'x': 435601726419340636, 'y': 403689500414570179}
Pati,{'x': 75829729505479317, 'y': 322423478720112367}
Kreis,{'x': 179869967205354198, 'y': 265592366429358146}
Hiti,{'x': 156901945362457622, 'y': 233634341355235835}
Tola,{'x': 66253588711479942, 'y': 114006428783913131}
Karanojo,{'x': 266330328139978881, 'y': 183458885307543071}
Lyttila,{'x': 77228632644079490, 'y': 405159946418839439}
Siksörniemi,{'x': 41615319670657144, 'y': 234388918483251050}
Pohjoki,{'x': 446023081514668345, 'y': 302572352277311984}
Lojär,{'x': 208308599544277250, 'y': 487747785233914360}
Samäen,{'x': 472982812447273951, 'y': 451814518447843781}
Hala,{'x': 5314590710198253, 'y': 172160897696254247}
Rutilax,{'x': 355914026287778021, 'y': 328591345840634284}
Hängallö,{'x': 167329264410361966, 'y': 241099462151951154}
Honiemi,{'x': 301990343981028448, 'y': 480285139566348698}
Kofs,{'x': 326146824401897805, 'y': 112693780671820892}
Lapala,{'x': 114588285553723283, 'y': 348832989141973979}
Miekemiemmo,{'x': 270078917039125731, 'y': 371798133879815756}
Linen,{'x': 361926320229150620, 'y': 243619184047891002}
Keiti,{'x': 91003830310306131, 'y': 193336540965556769}
Napi,{'x': 296433442815421458, 'y': 27984678615913018}
Herd,{'x': 146823194267955816, 'y': 183871351166654578}
Björko,{'x': 157048836133815807, 'y': 130807749563041393}
Pälä,{'x': 340216869395847334, 'y': 167290281354660452}
Metä,{'x': 114592442124194241, 'y': 307151545094768837}
Ruonokari,{'x': 83926752489149473, 'y': 40317440097761794}
Kiemens,{'x': 90550228284314623, 'y': 431361141499317618}
Piemi,{'x': 126889868581802647, 'y': 58606708768046207}
Kanpyynski,{'x': 299866944396264917, 'y': 487574792191104068}
Kulioja,{'x': 454650549819934897, 'y': 454417897620827987}
Raböleå,{'x': 405225967070071357, 'y': 57146647870166009}
Laukaine,{'x': 430809893043501391, 'y': 170324197224558508}
Norti,{'x': 447512650847230001, 'y': 286197394674902764}
Furmetola,{'x': 318249829456334495, 'y': 400753852027317561}
Paavaa,{'x': 44272862213296166, 'y': 176761223757063581}
Vattrö,{'x': 62554800399128705, 'y': 494956301758571006}
Miimäki,{'x': 128730139719064302, 'y': 271189458170943803}
Haks,{'x': 13783946952182878, 'y': 473134537049925587}
Kokalagelä,{'x': 366556934919740838, 'y': 491116388659927326}
Hale,{'x': 252000599766144745, 'y': 331005970661339134}
Ahtimanmäki,{'x': 299251929713113879, 'y': 119805181861831354}
Pölä,{'x': 293038435368822247, 'y': 377009801030566679}
Malakki,{'x': 264107749721292555, 'y': 86556786915417116}
Flytö,{'x': 431617191483761342, 'y': 99748272683973065}
Värvenki,{'x': 358691206486330963, 'y': 25255483948335663}
Risikola,{'x': 118853217282287552, 'y': 304191345712108789}
Sonnperby,{'x': 439286699592751794, 'y': 116229866271240964}
Jutsaams,{'x': 16724500369710877, 'y': 485353597322213997}
Kapio,{'x': 425658531055033334, 'y': 148816329681321697}
Savis,{'x': 179739882077488892, 'y': 252172022449437789}
Maari,{'x': 291037652164497021, 'y': 63404743666810100}
Jämma,{'x': 229411131265181340, 'y': 330464894300142893}
Renpää,{'x': 246683764566150389, 'y': 366856699847912289}
Stoski,{'x': 449336135338924521, 'y': 393396205301212303}
Rämäki,{'x': 292204627163602416, 'y': 334661911908566256}
Vähäjärkala,{'x': 136728768512334578, 'y': 296757737110380193}
Manpäinki,{'x': 72784532006194936, 'y': 366570483675405231}
Lihti,{'x': 172510171214894179, 'y': 158529933700174076}
Ihanska,{'x': 164873306762475310, 'y': 239290936253242742}
Maukapis,{'x': 109277898555326376, 'y': 232899320910410239}
Peterto,{'x': 495833375701060637, 'y': 186337696449454848}
Railä,{'x': 114500369477101804, 'y': 358966799386146413}
Lakkoska,{'x': 432823665611132448, 'y': 406093115741235976}
Numala,{'x': 381005373821440965, 'y': 52994663445592959}
Kokinen,{'x': 498490980423641657, 'y': 268385313960277922}
Annaa,{'x': 24742922532097095, 'y': 58537534992786992}
Riittua,{'x': 366712568897498543, 'y': 273937178634628324}
Rausjoki,{'x': 267494772831020577, 'y': 326888049162296133}
Kahti,{'x': 314787007556275544, 'y': 499738252000596055}
Halm,{'x': 67830618377047548, 'y': 472893642967184344}
Heinikolila,{'x': 224782730547919732, 'y': 283103065242323409}
Sama,{'x': 64960487373413410, 'y': 3384261000529822}
Väskanha,{'x': 124112301976049478, 'y': 438026625501115462}
Pusa,{'x': 318616247039060469, 'y': 345653609894760293}
Hyörti,{'x': 413476017565689632, 'y': 285799573261987}
Ahdasikeala,{'x': 173409713505384221, 'y': 320917058135124431}
Miekermarby,{'x': 429621424876212479, 'y': 61604077796905685}
Vihaaljärvi,{'x': 180360050437972962, 'y': 203307063621848274}
Rankylä,{'x': 299869870340424186, 'y': 91988642875528747}
Nurkalto,{'x': 316129939561315090, 'y': 171865356688911500}
Kjuransunis,{'x': 483942053352855277, 'y': 35828523732964714}
Saara,{'x': 38529681391266630, 'y': 437141324590795383}
Naukliju,{'x': 159115885344396898, 'y': 115833235216915049}
Yrja,{'x': 409501077822393279, 'y': 200497594027204587}
Saukattila,{'x': 319406559140229007, 'y': 125357889790997591}
Kidanhillvi,{'x': 350183051202213001, 'y': 23253847257146517}
Stralahnala,{'x': 448268389060489779, 'y': 446611807351173872}
Malto,{'x': 372020044671252184, 'y': 110668279232629232}
Kurkula,{'x': 423934665336662425, 'y': 335753863886966876}
Maalailä,{'x': 8517781892141331, 'y': 371459055386333621}
Äkli,{'x': 173313805291549044, 'y': 356890444557115530}
Otsmäjärvi,{'x': 45846372635271606, 'y': 454866977948733502}
Stontäle,{'x': 79141761517680551, 'y': 460792469619264171}
Sniskorhola,{'x': 200300984156120125, 'y': 447741980536686191}
Orja,{'x': 119706805660348657, 'y': 53313177487345902}
Kukula,{'x': 327340872607743939, 'y': 325940090243281959}
Ämmi,{'x': 121578967792508917, 'y': 413502371960394420}
Kovis,{'x': 277845250842353606, 'y': 87283452554265397}
Nootsämmi,{'x': 15979170178145229, 'y': 22145270602513084}
Vaiselivi,{'x': 123327254409209356, 'y': 179472179617189071}
Aholla,{'x': 324002621157966919, 'y': 271943114541391246}
Laappsala,{'x': 3665745900787492, 'y': 467158259850219802}
Mänsa,{'x': 133015144953250529, 'y': 401150443898974576}
Mauhanvi,{'x': 56250196610863921, 'y': 66073898979867378}
Hämi,{'x': 490720326588575038, 'y': 425052138566441952}
Karhulkoby,{'x': 293292099881592253, 'y': 9581704854550923}
Yrjula,{'x': 178758779985458504, 'y': 131317720717113913}
Annys,{'x': 91534822427464581, 'y': 250416129630315712}
Pigtalmi,{'x': 112018037642718595, 'y': 130156106086495734}
Ylöle,{'x': 59335197617598850, 'y': 381128458281138774}
Löfvaks,{'x': 52998130235623377, 'y': 150730210019908019}
Petkö,{'x': 298071603689436974, 'y': 230440870597190570}
Lavano,{'x': 273967593449651367, 'y': 399084146338983137}
Kola,{'x': 303641643682908177, 'y': 133749714615042621}
Hiidiala,{'x': 159007824233686886, 'y': 105544588401883029}
Kimano,{'x': 369796869146953007, 'y': 158546817960263549}
Euri,{'x': 494490108151862171, 'y': 20269746846720744}
Hailvaa,{'x': 358796103987777808, 'y': 74599572588164715}
Suitoki,{'x': 422935341478893847, 'y': 413801997414793699}
Kattböle,{'x': 143881425511728659, 'y': 242692097238519362}
Porvi,{'x': 442584400116454470, 'y': 194275820123090208}
Hangsö,{'x': 385088620439277276, 'y': 237611517850451307}
Mainen,{'x': 333432859035399942, 'y': 227121656198502175}
Kinen,{'x': 380724809392704820, 'y': 303879081735840320}
Seden,{'x': 423922972681878009, 'y': 133009835832170515}
Majärrskälä,{'x': 364665052755493245, 'y': 242037559247912103}
Pallbacka,{'x': 411337666812470877, 'y': 261374521642248488}
Leppo,{'x': 188287202540548298, 'y': 286896916266293350}
Kiho,{'x': 382646016466982486, 'y': 173478490563059495}
Bruck,{'x': 103265209813009678, 'y': 442067022242550576}
Suoki,{'x': 313372991016932870, 'y': 350595034593188901}
Påhla,{'x': 395944943361638094, 'y': 330616235666569602}
Mieri,{'x': 29844456225476537, 'y': 461893692571567419}
Suurikala,{'x': 146597113506280282, 'y': 219360121550427535}
Händen,{'x': 425003168377170410, 'y': 454269404419904297}
Kytömsälä,{'x': 161941076598581001, 'y': 52288760478812315}
Moki,{'x': 82432139955312354, 'y': 103036084894356811}
Taukka,{'x': 60496580944015143, 'y': 499189406749429606}
Vaholmi,{'x': 151875507053695016, 'y': 303459048634486226}
Hyntaalm,{'x': 477310307103232685, 'y': 18267265901487535}
Gunta,{'x': 183013381685648514, 'y': 55873546568792010}
Uotko,{'x': 34265889471687872, 'y': 225460740034048431}
Kela,{'x': 443177068223409987, 'y': 67852280765142400}
Josimala,{'x': 384674873762412922, 'y': 381396699590424543}
Heinar,{'x': 137673249854190046, 'y': 176641296599090722}
Toki,{'x': 352382799326270977, 'y': 6329379797619066}
Ryyvää,{'x': 341411992947689722, 'y': 362144348976081596}
Hylä,{'x': 1078782221857814, 'y': 149828058090532266}
Näykylälä,{'x': 219476463031239101, 'y': 282148807523254515}
Hiläki,{'x': 401700380564119448, 'y': 293891978873742121}
Lemis,{'x': 149586418367831328, 'y': 162556327818219936}
Koistila,{'x': 204670664791552925, 'y': 120958540493237980}
Neinla,{'x': 291556883776638218, 'y': 98432583069382728}
Kotale,{'x': 251893929479418239, 'y': 96807870386871903}
Uimi,{'x': 359785075882525515, 'y': 267726795280963743}
Kill,{'x': 323484832253576354, 'y': 228755623969346110}
Lipsä,{'x': 357011847247317474, 'y': 411014146761647057}
Mieminen,{'x': 375556907897513043, 'y': 79604405852631473}
Heikku,{'x': 205714551250170785, 'y': 8918295805658643}
Täninennen,{'x': 303705735442931835, 'y': 225413415125073337}
Invise,{'x': 392500502980232953, 'y': 101302848234982284}
Ketsala,{'x': 420542026083706649, 'y': 485663525551251080}
Borjakoski,{'x': 359774911432872230, 'y': 446726124282522465}
Tahtika,{'x': 90824462812818070, 'y': 191192563454539801}
Keittila,{'x': 90766149612373712, 'y': 303891618436953320}
Otala,{'x': 490194272949340847, 'y': 436813538132192210}
Kärävi,{'x': 426244096787819678, 'y': 300363889507725686}
Hoti,{'x': 423894334092298933, 'y': 88131255275406718}
Rismäkars,{'x': 412421040966425522, 'y': 16858944850964286}
Hetenästala,{'x': 259033119885993081, 'y': 128320793629742057}
Puttorvi,{'x': 433805543631058086, 'y': 220849355761974893}
Kvaa,{'x': 495879593280121840, 'y': 35201916090181821}
Koppforrylä,{'x': 178060085796283741, 'y': 184198774700410558}
Juoniesäs,{'x': 263419734113515639, 'y': 244050828269596970}
Särvikkas,{'x': 29076293684838002, 'y': 204757168728743550}
Lumpervakko,{'x': 455962658150511813, 'y': 390597309235824847}
Huma,{'x': 248882579535286598, 'y': 471439342417675592}
Ikkontarg,{'x': 238322222806467144, 'y': 119134286362029433}
Haumäkila,{'x': 387599678649058881, 'y': 114529650955255881}
Aeris,{'x': 157272827600058660, 'y': 293979165410993900}
Lahorma,{'x': 310894605489411241, 'y': 220909726308124392}
Vesaatola,{'x': 38285843903878972, 'y': 487032875689250712}
Keki,{'x': 115108715350905034, 'y': 459920315247936008}
Ingoipela,{'x': 192226235856205820, 'y': 328190854521401920}
Lepalo,{'x': 414320225134790016, 'y': 296638145548797316}
Ödkala,{'x': 4423838734592643, 'y': 370306095447562558}
Hyppalahilä,{'x': 317309927339838572, 'y': 212804148351650728}
Veihaakanik,{'x': 153647524142777730, 'y': 318068713552226760}
Naka,{'x': 209563477325722891, 'y': 185466484683152561}
Paavi,{'x': 12788280528375880, 'y': 87075666296772191}
Romäen,{'x': 237111101926489813, 'y': 354017702889691984}
Nilhälä,{'x': 308173710899153469, 'y': 46857437213164182}
Ritsala,{'x': 65219312844534529, 'y': 29404163257552328}
Bonsala,{'x': 149327858978374141, 'y': 17846245505235778}
Raaranus,{'x': 125696599146299751, 'y': 229254636864994693}
Sinsaso,{'x': 50725519803948432, 'y': 305494163702492911}
Luikkula,{'x': 481496799839751980, 'y': 313847023728052199}
Ronnustala,{'x': 172557946205322963, 'y': 296193317528247616}
Vuomäki,{'x': 108450771819976570, 'y': 163262895903987188}
Qven,{'x': 415406659798904676, 'y': 318808522469747327}
Vandila,{'x': 14082562081848507, 'y': 227823627279865700}
Vaanojola,{'x': 331580530161469188, 'y': 26555262411784609}
Sela,{'x': 297055048927257807, 'y': 104107151556825585}
Getorongas,{'x': 351850836602871084, 'y': 150873372507718513}
Siutkunallö,{'x': 16903711600290499, 'y': 484148737498380331}
Brannialbo,{'x': 288798721171708779, 'y': 161975477063631867}
Mikalansalo,{'x': 236114183263587334, 'y': 81617780994407492}
Karki,{'x': 299974060078554718, 'y': 334759245799776858}
Pusjäs,{'x': 340819486472289898, 'y': 15016465764346281}
Hopola,{'x': 365956390469592147, 'y': 342105287028160824}
Sjösku,{'x': 442967054204764330, 'y': 70313497700532159}
Veste,{'x': 197970157563324844, 'y': 329340350266604596}
Jumi,{'x': 251158333515851428, 'y': 372260896460552974}
Nilta,{'x': 75071761501849553, 'y': 394860608846578254}
Parbölä,{'x': 254405178558498600, 'y': 309412633354677424}
Karrby,{'x': 391038586280271800, 'y': 297996899424519226}
Kainla,{'x': 279640263969157696, 'y': 212361665571851421}
Domsby,{'x': 318690857107636367, 'y': 211136413273633826}
Kato,{'x': 393772139904064478, 'y': 195051095303443116}
Åttiis,{'x': 199611040319063242, 'y': 209099730827943096}
Siis,{'x': 207240677136066131, 'y': 424666345367881596}
Dege,{'x': 192832023836310778, 'y': 206837294419166565}
Urpertta,{'x': 232885924523986485, 'y': 94968132062269105}
Eervi,{'x': 146149844887974691, 'y': 286705491655761415}
Kähkala,{'x': 470434433307788856, 'y': 180995468983674580}
Mylhönta,{'x': 134054556530128860, 'y': 404954219762909373}
Muki,{'x': 413329771200093193, 'y': 318770087451346155}
Ingundeitkä,{'x': 235331113329643641, 'y': 62582522289295782}
Tomalo,{'x': 304952110513154032, 'y': 365007451112495694}
Tynilli,{'x': 461705126198926039, 'y': 29805396773158675}
Tjulahti,{'x': 270741849315609113, 'y': 369211975299510795}
Pettaka,{'x': 455623892089062106, 'y': 187247607373830400}
Masala,{'x': 235219332194059066, 'y': 372037097841878942}
Sainiemi,{'x': 340974223861585078, 'y': 451954274702062353}
Kivuohjärvi,{'x': 271823489196245658, 'y': 58831251260358484}
Kynniemi,{'x': 267687352675744843, 'y': 482135283214420225}
Kakalmaa,{'x': 79085793566799815, 'y': 82738626847814229}
Parasböle,{'x': 157676611175095086, 'y': 242895853516543891}
Niemisalvi,{'x': 287862273889605867, 'y': 216180920675742698}
Muntu,{'x': 157346477151575254, 'y': 184924978473351138}
Hyyrkkölä,{'x': 231224136415183875, 'y': 257918351139405751}
Ylitoikko,{'x': 431899789910085415, 'y': 425162773389122521}
Kosukki,{'x': 47276502184182552, 'y': 2476268669052955}
Björnis,{'x': 270450059898555998, 'y': 474874295642359022}
Perindia,{'x': 319707875466610203, 'y': 409839674875878216}
Trokoinen,{'x': 439487314985185081, 'y': 274683056154286412}
Kuonniemi,{'x': 117854808694657657, 'y': 303662978473914218}
Range,{'x': 74686648797386531, 'y': 261463052061395199}
Kyydänn,{'x': 104670467317947662, 'y': 440322950743478673}
Makkue,{'x': 88564474176513767, 'y': 449201563637333990}
Kyntupula,{'x': 195306956109909457, 'y': 315599100391725023}
Kivos,{'x': 164885981850756685, 'y': 242008631269388445}
Nukkalviby,{'x': 179010766098033067, 'y': 389739689014426666}
Parttu,{'x': 258629774257237071, 'y': 14870851973510482}
Ilmi,{'x': 159280564724325723, 'y': 60724698791712264}
Hieskälä,{'x': 331029352207573026, 'y': 249175673704488544}
Hela,{'x': 25512517461770799, 'y': 475073343332983876}
Kervi,{'x': 73667522442761869, 'y': 63471536184912357}
Jeppää,{'x': 330521335317012223, 'y': 191404897401256979}
Ohkylä,{'x': 302957629121463223, 'y': 379706638681850674}
Vahnala,{'x': 302292292465469488, 'y': 100065310104241097}
Sydännalola,{'x': 160530138119727560, 'y': 458867280399312111}
Ahveniö,{'x': 107612989127098750, 'y': 190556462464472701}
Siia,{'x': 465840961943224902, 'y': 249119519776798012}
Lytila,{'x': 335096388782227948, 'y': 368589059916347110}
Suusjö,{'x': 461763612752171274, 'y': 120040648484541638}
Ranla,{'x': 375781564616059043, 'y': 196476610419944628}
Lussi,{'x': 41712041909471704, 'y': 19505611688064308}
Käri,{'x': 80285274341180914, 'y': 408573370749165318}
Työrsä,{'x': 85138465291680797, 'y': 98682201789027284}
Runisara,{'x': 160546688267832172, 'y': 472339675704812996}
Räijärvälä,{'x': 240167175085796447, 'y': 156599127793896878}
Saarinila,{'x': 361514177022412295, 'y': 489769049763680337}
Lammaurjä,{'x': 10080414812888068, 'y': 323203490049006037}
Jurmampio,{'x': 377401475720076937, 'y': 241810366805545560}
Röytä,{'x': 161458018606637171, 'y': 468414473534786219}
Rajola,{'x': 240026891265217578, 'y': 272565433662898612}
Apoharjer,{'x': 454145451852063605, 'y': 31200263190466447}
Kaajärkkala,{'x': 146374400197448145, 'y': 293851790860943395}
Heitiala,{'x': 393197916945948870, 'y': 31378561410776740}
Lielanjärvi,{'x': 233858968180952291, 'y': 333781314695347491}
Rauten,{'x': 393063780944882187, 'y': 73341291503915133}
Vivehola,{'x': 156413775618538468, 'y': 352247044071560764}
Unala,{'x': 213218168105576090, 'y': 322086042291701671}
Vohonula,{'x': 182279642977277884, 'y': 378672658145229556}
Näyröde,{'x': 224099485347970652, 'y': 341439059926640618}
Ihartalinen,{'x': 485266398470132140, 'y': 285503043647586319}
Ruutti,{'x': 151823687706534982, 'y': 466219705618352638}
Väti,{'x': 337072198617836316, 'y': 234506191685841816}
Palenböle,{'x': 455505689545911799, 'y': 295343141776258203}
Pork,{'x': 126826786358147991, 'y': 92821190739245439}
Yttylä,{'x': 4829853662251636, 'y': 299040997137337495}
Vamatjö,{'x': 140020456914672432, 'y': 281438310750073634}
Turu,{'x': 42204431418501479, 'y': 255671910622401147}
Hinen,{'x': 116685688252964128, 'y': 167761454208644711}
Näämmenmäen,{'x': 319875093460180242, 'y': 53389158629870911}
Kavas,{'x': 11729859316554594, 'y': 347034672275969013}
Vuottike,{'x': 484219765267329528, 'y': 307019984693966188}
Haipalppöle,{'x': 164652023779596952, 'y': 22885652536162364}
Kiikkarla,{'x': 105958388798777382, 'y': 434229284877310076}
Ylänkaneng,{'x': 138913347302777277, 'y': 408105701231519609}
Sans,{'x': 416135242190367525, 'y': 25385428910592186}
Pörlahl,{'x': 374939937013848377, 'y': 27103936914383118}
Kosais,{'x': 70472954720210004, 'y': 361700938648225807}
Lauki,{'x': 205808999275263071, 'y': 350103866805758266}
Kanjärvi,{'x': 374929138367078515, 'y': 311094001783785386}
Vanola,{'x': 361335393453972862, 'y': 391305986643793498}
Rausjokis,{'x': 286177846826505722, 'y': 181759456211393901}
Haavas,{'x': 124238591240103421, 'y': 203896605541921945}
Sinkylä,{'x': 474756814921359715, 'y': 136094750942781442}
Haaris,{'x': 455020200720864416, 'y': 408115687214113384}
Ingsfö,{'x': 196091801592664634, 'y': 335006986239755289}
Jyvöku,{'x': 453117285686944025, 'y': 3444676356708544}
Brundolanla,{'x': 348561147886603733, 'y': 36457021179181333}
Siiidolana,{'x': 100299244712495816, 'y': 371917887192965283}
Koiikylmn,{'x': 283156621104540651, 'y': 167982912759128278}
Timäki,{'x': 266948040777572823, 'y': 190202201888994500}
Sättullsula,{'x': 57183250827500665, 'y': 195159824092571000}
Harniälä,{'x': 223288921147358422, 'y': 188520860335282866}
Yliö,{'x': 268597796241971799, 'y': 321390723960081369}
Frinsu,{'x': 179023543979754172, 'y': 421430645599374961}
Rinnu,{'x': 310456759600059921, 'y': 35932849470387820}
Vessalö,{'x': 158662007640109023, 'y': 302811427127095369}
Vuora,{'x': 489961097698790730, 'y': 165349903699711417}
Bissala,{'x': 142740767596021083, 'y': 242355519348306872}
Grudorooti,{'x': 301401243053858347, 'y': 437486416781692283}
Rätkää,{'x': 210588067679649343, 'y': 252919004560310024}
Rismä,{'x': 270310709685150302, 'y': 65190618183042012}
Tavula,{'x': 219913162837076444, 'y': 441431801856515826}
Mattialo,{'x': 14105773226694885, 'y': 185554258962422338}
Kyttikka,{'x': 338320042763608823, 'y': 335080989068728024}
Miste,{'x': 356288500563971266, 'y': 181333542715059307}
Peursby,{'x': 237300675951697013, 'y': 306545428630822089}
Venkyrjati,{'x': 322141360508897730, 'y': 493161739160084509}
Nedelkkos,{'x': 244349015075947846, 'y': 495533515042067359}
Tupajärvi,{'x': 443381055868259329, 'y': 398173462460219600}
Huda,{'x': 213782869763130200, 'y': 47225778490724265}
Kurumalala,{'x': 83645228490660348, 'y': 35012501773735387}
Luurttanki,{'x': 219556309141518598, 'y': 331532353275931493}
Tetrava,{'x': 424931042157533993, 'y': 94882586085047866}
Repakalo,{'x': 225314554189123566, 'y': 354299106711494923}
Soto,{'x': 480033783565225253, 'y': 190193535327459065}
Löfsdas,{'x': 252090502256830415, 'y': 223332160893709934}
Pervinenla,{'x': 484641382138961436, 'y': 469643968605873751}
Helä,{'x': 12773084285414381, 'y': 336454887580055284}
Mång,{'x': 215313433034597623, 'y': 429716752439775261}
Lehderlby,{'x': 289907066490312646, 'y': 50399823139556510}
Karjokerby,{'x': 259601764241764105, 'y': 341247023361214360}
Kotilahti,{'x': 15514571992143498, 'y': 333209020597544467}
Haukonnala,{'x': 96560684920423185, 'y': 336883872683778417}
Nannutka,{'x': 295730604554714890, 'y': 495961558279768447}
Jyllä,{'x': 129508455557263102, 'y': 205080851977986020}
Kauhmaala,{'x': 444643626916750414, 'y': 311158931858333806}
Riisela,{'x': 259459354933391653, 'y': 162644676432770256}
Öfvesinen,{'x': 439986372910028006, 'y': 26069279230046616}
Sviola,{'x': 394526034493275690, 'y': 144346455626768433}
Lautby,{'x': 372225671133980781, 'y': 239799565834544643}
Kortelä,{'x': 27916420636740361, 'y': 26991890095507937}
Gumi,{'x': 127153382476920048, 'y': 453858508713814086}
Jylila,{'x': 223372825981039693, 'y': 497150141430073368}
Onkonla,{'x': 237592989881947589, 'y': 362035782531794021}
Anga,{'x': 307880544208580445, 'y': 31331071253829145}
Löykärvervi,{'x': 252623112117967656, 'y': 488673652651899660}
Vesiolax,{'x': 385620025592027782, 'y': 422267322195649422}
Mais,{'x': 393676640331465928, 'y': 368355833398058023}
Piroto,{'x': 133408849844331282, 'y': 272969601658766090}
Murana,{'x': 295592832191032986, 'y': 432614669173388313}
Hulla,{'x': 14356618741604552, 'y': 80795686640980454}
Mäkka,{'x': 363224839131437850, 'y': 394518804751161506}
Sångilä,{'x': 176275453033617620, 'y': 175769578214705197}
Ahls,{'x': 158553994693126250, 'y': 442320395879141538}
Meiskylä,{'x': 261617050015955874, 'y': 286175382227460306}
Birtela,{'x': 262755119938459075, 'y': 289851558376427074}
Rila,{'x': 328726673510851385, 'y': 33686570137166870}
Säkila,{'x': 202191815263264741, 'y': 77481875712489488}
Somanvarila,{'x': 364058028429818977, 'y': 78188525426407595}
Hyranala,{'x': 273888738680976545, 'y': 121395881681105905}
Honkelle,{'x': 66966649959738476, 'y': 80398327024705062}
Piimara,{'x': 293463087905708588, 'y': 394657106026603894}
Putaföri,{'x': 490520349038932628, 'y': 61618794387977710}
Tuola,{'x': 200727718977287841, 'y': 400032453182349898}
Ketis,{'x': 440359311588238516, 'y': 404313157342927913}
Knutalamäki,{'x': 390589126591028260, 'y': 22110890086862287}
Touriala,{'x': 282886958454153104, 'y': 160447505092064089}
Roma,{'x': 368981003934065090, 'y': 482461328586329042}
Pohjakkal,{'x': 60882523063826895, 'y': 419153186569392130}
Muhimis,{'x': 382461151037320695, 'y': 40829096198473144}
Ränpää,{'x': 377088205217966057, 'y': 350381638946065346}
Katula,{'x': 391209413848944959, 'y': 205153405054175252}
Skattala,{'x': 255832398667337709, 'y': 475549687511042088}
Juujala,{'x': 355072051130564574, 'y': 154007627882441498}
Vita,{'x': 65286614858598152, 'y': 109008172332542938}
Formusta,{'x': 206870530264995507, 'y': 219086406086861396}
Järvesoja,{'x': 279709927833266003, 'y': 425992017955507887}
Suis,{'x': 421860155871946177, 'y': 435679838275187526}
Hiren,{'x': 73114658272317838, 'y': 131822212813680870}
Säynsi,{'x': 366484621279421248, 'y': 304062736712714474}
Vähtineusi,{'x': 120178509210978065, 'y': 484386193587294556}
Mettu,{'x': 118563883538035531, 'y': 274693330915476884}
Varnä,{'x': 399243355330226799, 'y': 205555321714184000}
Paari,{'x': 31971389224410296, 'y': 319144727940176663}
Olhihari,{'x': 411386059658608211, 'y': 405025073256888594}
Riskylä,{'x': 36982737558448322, 'y': 138674209935479402}
Yppala,{'x': 499849858387101510, 'y': 334884293605233873}
Kirkelio,{'x': 234400710004075458, 'y': 497775719969877240}
Hämäkala,{'x': 436454101616466638, 'y': 317170268845276655}
Dahtiö,{'x': 126955437020917657, 'y': 190219422562190912}
Ilkkoskela,{'x': 98132651452910889, 'y': 302690819032843868}
Snabbolapo,{'x': 107469806121778515, 'y': 434758023240103274}
Kaisku,{'x': 455567063574867104, 'y': 142553812655588439}
Koskingvi,{'x': 461936606837774608, 'y': 276735626112769457}
Kanqvala,{'x': 15080000256650727, 'y': 216825978125599349}
Paks,{'x': 51746378965006594, 'y': 74367793353772830}
Pyhälä,{'x': 251219538196256431, 'y': 134186532072905835}
Teroisjär,{'x': 93169013600665525, 'y': 318606992982091856}
Moikkoniemi,{'x': 319484446677299482, 'y': 52167871239811458}
Mulamäki,{'x': 110804071851797661, 'y': 69094652068527014}
Musuby,{'x': 213864063574766773, 'y': 128348818896631740}
Valo,{'x': 333132885619231920, 'y': 496914890096162735}
Hori,{'x': 3823573891825355, 'y': 398382113135538256}
Jaasby,{'x': 355216890701841553, 'y': 266306071235569244}
Kouti,{'x': 58409055609241046, 'y': 9919366453744183}
Vassale,{'x': 48474970324670529, 'y': 209192336119456610}
Hevi,{'x': 178407316352638504, 'y': 64146768793507232}
Varhua,{'x': 326053695704831544, 'y': 216912525063194041}
Kuusarta,{'x': 498497125328491580, 'y': 339202423626193688}
Muri,{'x': 492714270446245080, 'y': 74871058952421909}
Smöle,{'x': 70978816541687686, 'y': 99244538219947390}
Hanio,{'x': 107167927542704696, 'y': 12738207943132003}
Uriemi,{'x': 67090668739100761, 'y': 73136892568725664}
Pola,{'x': 493415536774558514, 'y': 419051136128618105}
Kynmäki,{'x': 275510954983164349, 'y': 169284031776637678}
Huisi,{'x': 245360849335553309, 'y': 232433994661261490}
Rainenpää,{'x': 243771189201233566, 'y': 65754972106107503}
Petröykoska,{'x': 258308778726478095, 'y': 359936618721365122}
Kainen,{'x': 496672964404717531, 'y': 74990325834542518}
Nesterpi,{'x': 72463408378016053, 'y': 174861211771736939}
Bosala,{'x': 349417021243840669, 'y': 158077806096613236}
Kalkavi,{'x': 215452794220232132, 'y': 247712980972342258}
Nuttila,{'x': 351717274105896360, 'y': 454259262884451918}
Räpää,{'x': 316106620337240131, 'y': 82506847354331911}
Kyrsoja,{'x': 140622571177523905, 'y': 209817786535861032}
Horoillsby,{'x': 191544982473182128, 'y': 194801534138751831}
Kapee,{'x': 431434455266923967, 'y': 296101762653043980}
Paisbölenki,{'x': 124789279623733411, 'y': 468823254419613934}
Sukki,{'x': 455173115038332216, 'y': 384196065659820585}
Raggberg,{'x': 316366340602157123, 'y': 184799231996820425}
Venhila,{'x': 117363935405928328, 'y': 429316614950882688}
Haari,{'x': 471503113430312952, 'y': 80734766966739017}
Suotkälä,{'x': 144102440342828342, 'y': 211216772799452316}
Hirepo,{'x': 490782677300931437, 'y': 259361157319179463}
Sanla,{'x': 75863451444825283, 'y': 59960651452780420}
Koukkala,{'x': 242396136943106793, 'y': 437971037282498176}
Friski,{'x': 205897350181342203, 'y': 225623719054931930}
Spulkärki,{'x': 384028453234652726, 'y': 183615184809701822}
Aktalhola,{'x': 368234085138516935, 'y': 153928666122314321}
Kouka,{'x': 100216347873906716, 'y': 497075464912074546}
Nourila,{'x': 185879628295514383, 'y': 294751622191148080}
Muohua,{'x': 248765049314775205, 'y': 404075932427725204}
Påsaa,{'x': 300451010541308332, 'y': 109980750711682881}
Härvio,{'x': 232106329697156736, 'y': 463876586980557014}
Lapiasti,{'x': 74652153770290303, 'y': 146516890817455741}
Majoks,{'x': 216287147498213150, 'y': 311222865477939908}
Miemo,{'x': 374547195699313416, 'y': 364226215386479847}
Mula,{'x': 1454225455830111, 'y': 244999949390924589}
Bagård,{'x': 20401345343708902, 'y': 150581895302368582}
Qvikala,{'x': 425053607903256563, 'y': 107744911495063705}
Puutnävi,{'x': 485534603836357854, 'y': 98633394006231034}
Juus,{'x': 198186121839751123, 'y': 367192696643041575}
Jursula,{'x': 333737901112850629, 'y': 95379426572871484}
Oruski,{'x': 104081147620826491, 'y': 260379184410963022}
Koisi,{'x': 62063769377413673, 'y': 465378933717555969}
Löyki,{'x': 227161059273650851, 'y': 111105163859274384}
Petalalo,{'x': 433086603718778215, 'y': 182752816071720633}
Mato,{'x': 339963154294155766, 'y': 259696730610011989}
Hauri,{'x': 35835903810028567, 'y': 369271045379430728}
Paivi,{'x': 50755633049291417, 'y': 177668711728314726}
Bampi,{'x': 133543060822561631, 'y': 325816668183157996}
Limäki,{'x': 115919763383554221, 'y': 476600307184432613}
Nuppilahti,{'x': 13462335526965409, 'y': 333468901215845220}
Neuri,{'x': 205526425836415998, 'y': 26351872629258476}
Aski,{'x': 123689961806471269, 'y': 122431885752268297}
Piutilä,{'x': 357088559836904272, 'y': 300311736323740085}
Hiimassio,{'x': 123444410270458588, 'y': 257381945412495063}
Hilä,{'x': 134701495693461863, 'y': 13098991103087992}
Seinmälä,{'x': 377357130655148855, 'y': 292924772220621408}
Kurustilä,{'x': 426989906246153368, 'y': 157289286451876474}
Ahja,{'x': 302201502803706478, 'y': 489619485440066232}
Samarvi,{'x': 330107013571175044, 'y': 144086747674703771}
Luola,{'x': 53728278161980556, 'y': 161189381775508795}
Otari,{'x': 334498534532604320, 'y': 2321473110702249}
Tuusela,{'x': 189839000962363269, 'y': 193445385875865350}
Rauvaa,{'x': 73261072094941421, 'y': 413467480705108085}
Kaikanto,{'x': 355683609994049255, 'y': 238721316507435193}
Pätten,{'x': 142360988937791231, 'y': 219981491815497236}
Vitad,{'x': 436754646074190320, 'y': 170217568952000671}
Numais,{'x': 61112299569743214, 'y': 412831105957706880}
Leminmäkola,{'x': 5847141887386476, 'y': 330074337661694622}
Henvari,{'x': 432094616316482087, 'y': 177382567237797512}
Joutila,{'x': 125871747321092281, 'y': 349242926924548540}
Mälä,{'x': 306879000102401161, 'y': 63444966699336129}
Velimala,{'x': 223112801988291132, 'y': 133731766466998333}
Hylkä,{'x': 444228671974805038, 'y': 224778222799987140}
Tiukkasaks,{'x': 43535991975316970, 'y': 466364274063204885}
Siittesla,{'x': 62966705995559256, 'y': 412126758402523510}
Silä,{'x': 242725799840805639, 'y': 288350963420719716}
Ruupala,{'x': 304565064065511259, 'y': 335119907934306027}
Savolahanla,{'x': 62425405958228799, 'y': 441675411842592073}
Luhamaartu,{'x': 223603138157919926, 'y': 431624201469397803}
Konaravetti,{'x': 43855451822081350, 'y': 233737414832696631}
Mankoskiö,{'x': 161863811665684670, 'y': 407244223433849707}
Rytä,{'x': 216890111535170098, 'y': 292717840544753471}
Tolaby,{'x': 492315768183697872, 'y': 362554628748425913}
Maanvaan,{'x': 203353784192872684, 'y': 315100443778666128}
Kippi,{'x': 360892072579666512, 'y': 457147733350397960}
Kiemi,{'x': 362914755818200966, 'y': 195275094431821506}
Huoropotada,{'x': 138990597216575518, 'y': 378392457880932808}
Mäen,{'x': 222673909269118699, 'y': 81302408624727194}
Terg,{'x': 155599075911387306, 'y': 270134433233721121}
Haurnialo,{'x': 295753308677851443, 'y': 144647697202496560}
Karle,{'x': 181959749113081940, 'y': 227824631199561651}
Sois,{'x': 380539810178976359, 'y': 412473416925916667}
Gänta,{'x': 479999893316962076, 'y': 226212149047821305}
Puoppila,{'x': 487890300174644192, 'y': 372697871401732550}
Orjänlahtä,{'x': 442973903869973941, 'y': 144840147311376787}
Uungstula,{'x': 479440939091507356, 'y': 295425785569030971}
Lova,{'x': 76807810747588245, 'y': 299782886901527537}
Vörkoski,{'x': 42774033710569483, 'y': 87270536355103397}
Hyrjula,{'x': 274049596750884929, 'y': 237100059051348150}
Torvivi,{'x': 402580035214340956, 'y': 372708792394250164}
Lehma,{'x': 36193289743864924, 'y': 447862421456286982}
Maisola,{'x': 102761796622230683, 'y': 51075694546973190}
Långelsti,{'x': 494758740767513824, 'y': 20962999400260183}
Heivaari,{'x': 440096204852333285, 'y': 491787973387593086}
Vuopelas,{'x': 324664183545357120, 'y': 67327744857450646}
Anniälä,{'x': 177610940641074725, 'y': 53234009500693707}
Venvi,{'x': 92594477965336217, 'y': 413239083717530709}
Ylimaa,{'x': 204631645937883138, 'y': 140166187196082645}
Labbolax,{'x': 292502787490283895, 'y': 228436275237566019}
Hara,{'x': 180620633019631069, 'y': 318395327556283549}
Okantilä,{'x': 495945829120638728, 'y': 365071750079883192}
Kiti,{'x': 419432024941602836, 'y': 171635031440898215}
Pitti,{'x': 142358004434845826, 'y': 438625970859746722}
Tyrölä,{'x': 72530733217354287, 'y': 167807977539259749}
Ihari,{'x': 98711503004663188, 'y': 368464054734261314}
Onäckankylä,{'x': 496609176045470556, 'y': 119839842232235680}
Ingivaa,{'x': 408143958691218685, 'y': 121836943878084367}
Himangva,{'x': 470970090305904731, 'y': 135517688420442843}
Tirvi,{'x': 33858842461594748, 'y': 148491220659423903}
Skalakola,{'x': 215955291876829124, 'y': 245065657434374628}
Teri,{'x': 35415983017476465, 'y': 220013192996880809}
Vatanenala,{'x': 216063092858771791, 'y': 318323713101544738}
Roissbola,{'x': 306440604394405319, 'y': 295673584614892774}
Rovase,{'x': 263532108860735741, 'y': 56084960390399134}
Lotafabris,{'x': 62735963839973094, 'y': 18592215852411852}
Pehderla,{'x': 316061560018443629, 'y': 3790515443297258}
Kursgård,{'x': 213081489456471570, 'y': 57107198031118178}
Reisala,{'x': 18730929555257415, 'y': 108001910816780197}
Uimäki,{'x': 468184104707207944, 'y': 363600487349774323}
Trois,{'x': 198357018744891826, 'y': 41169657391389524}
Längila,{'x': 369539172378314974, 'y': 236641705312251597}
Vaimä,{'x': 128040291677562091, 'y': 259296937982125600}
Torvuotuom,{'x': 122255891849169563, 'y': 235376583844214161}
Raumosk,{'x': 481934737110194217, 'y': 80274282749095722}
Räyrja,{'x': 494471685860439949, 'y': 218055764188823792}
Lahtila,{'x': 177505085157818206, 'y': 233668866798611756}
Torpalspala,{'x': 297633575345820751, 'y': 211780722230416252}
Hakkingas,{'x': 101421535911085205, 'y': 454130929781472903}
Hainietä,{'x': 2803628793310517, 'y': 232396536981015734}
Käräki,{'x': 89498765357641386, 'y': 100712524338583415}
Haukoski,{'x': 291047589453556424, 'y': 209703804076000929}
Kaavarvitki,{'x': 180300007959554232, 'y': 155801625003456400}
Hako,{'x': 330442408125734701, 'y': 275904577681046003}
Ouns,{'x': 64808661567007353, 'y': 175076641119296682}
Tolsik,{'x': 479736209719953455, 'y': 359458806359015197}
Talakoskylä,{'x': 386964747956845116, 'y': 371211236586790162}
Sunula,{'x': 326768934182853632, 'y': 261481895726239260}
Makkalkila,{'x': 198216201397715048, 'y': 294635947539670876}
Tyrjalkila,{'x': 316537748960619772, 'y': 114293052187966732}
Sonukosgård,{'x': 188865976263371697, 'y': 60766946095407876}
Kitankylm,{'x': 168174423289281897, 'y': 215210286159197464}
Ella,{'x': 31382675252153935, 'y': 484984317300961435}
